<?xml version="1.0" encoding="UTF-8"?>
<GenRun Id="impl_1" LaunchPart="xc7a100tcsg324-1" LaunchTime="1715094473">
  <File Type="ROUTE-PWR" Name="musicTOP_power_routed.rpt"/>
  <File Type="PA-TCL" Name="musicTOP.tcl"/>
  <File Type="ROUTE-PWR-SUM" Name="musicTOP_power_summary_routed.pb"/>
  <File Type="REPORTS-TCL" Name="musicTOP_reports.tcl"/>
  <File Type="BITSTR-MSK" Name="musicTOP.msk"/>
  <File Type="ROUTE-CLK" Name="musicTOP_clock_utilization_routed.rpt"/>
  <File Type="RDI-RDI" Name="musicTOP.vdi"/>
  <File Type="BG-BIT" Name="musicTOP.bit"/>
  <File Type="BG-DRC" Name="musicTOP.drc"/>
  <File Type="BG-BGN" Name="musicTOP.bgn"/>
  <File Type="BG-BIN" Name="musicTOP.bin"/>
  <File Type="BITSTR-RBT" Name="musicTOP.rbt"/>
  <File Type="BITSTR-NKY" Name="musicTOP.nky"/>
  <File Type="BITSTR-BMM" Name="musicTOP_bd.bmm"/>
  <File Type="ROUTE-METHODOLOGY-DRC" Name="musicTOP_methodology_drc_routed.rpt"/>
  <File Type="BITSTR-MMI" Name="musicTOP.mmi"/>
  <File Type="ROUTE-METHODOLOGY-DRC-PB" Name="musicTOP_methodology_drc_routed.pb"/>
  <File Type="BITSTR-SYSDEF" Name="musicTOP.sysdef"/>
  <File Type="ROUTE-DRC-RPX" Name="musicTOP_drc_routed.rpx"/>
  <File Type="BITSTR-LTX" Name="debug_nets.ltx"/>
  <File Type="BITSTR-LTX" Name="musicTOP.ltx"/>
  <File Type="RCFI_FILE" Name="musicTOP.rcfi"/>
  <File Type="WBT-USG" Name="usage_statistics_webtalk.html"/>
  <File Type="OPT-DRC" Name="musicTOP_drc_opted.rpt"/>
  <File Type="OPT-HWDEF" Name="musicTOP.hwdef"/>
  <File Type="PLACE-IO" Name="musicTOP_io_placed.rpt"/>
  <File Type="PLACE-UTIL" Name="musicTOP_utilization_placed.rpt"/>
  <File Type="PLACE-UTIL-PB" Name="musicTOP_utilization_placed.pb"/>
  <File Type="PLACE-CTRL" Name="musicTOP_control_sets_placed.rpt"/>
  <File Type="PLACE-PRE-SIMILARITY" Name="musicTOP_incremental_reuse_pre_placed.rpt"/>
  <File Type="ROUTE-DRC" Name="musicTOP_drc_routed.rpt"/>
  <File Type="ROUTE-DRC-PB" Name="musicTOP_drc_routed.pb"/>
  <File Type="ROUTE-PWR-RPX" Name="musicTOP_power_routed.rpx"/>
  <File Type="ROUTE-STATUS" Name="musicTOP_route_status.rpt"/>
  <File Type="ROUTE-STATUS-PB" Name="musicTOP_route_status.pb"/>
  <File Type="ROUTE-DCP" Name="musicTOP_routed.dcp"/>
  <File Type="ROUTE-ERROR-DCP" Name="musicTOP_routed_error.dcp"/>
  <File Type="ROUTE-BLACKBOX-DCP" Name="musicTOP_routed_bb.dcp"/>
  <File Type="ROUTE-TIMINGSUMMARY" Name="musicTOP_timing_summary_routed.rpt"/>
  <File Type="ROUTE-TIMING-PB" Name="musicTOP_timing_summary_routed.pb"/>
  <File Type="ROUTE-TIMING-RPX" Name="musicTOP_timing_summary_routed.rpx"/>
  <File Type="ROUTE-BUS-SKEW" Name="musicTOP_bus_skew_routed.rpt"/>
  <File Type="ROUTE-BUS-SKEW-PB" Name="musicTOP_bus_skew_routed.pb"/>
  <File Type="ROUTE-BUS-SKEW-RPX" Name="musicTOP_bus_skew_routed.rpx"/>
  <File Type="OPT-DCP" Name="musicTOP_opt.dcp"/>
  <File Type="PLACE-DCP" Name="musicTOP_placed.dcp"/>
  <File Type="PWROPT-DCP" Name="musicTOP_pwropt.dcp"/>
  <File Type="POSTPLACE-PWROPT-DCP" Name="musicTOP_postplace_pwropt.dcp"/>
  <File Type="PHYSOPT-DCP" Name="musicTOP_physopt.dcp"/>
  <File Type="POSTROUTE-PHYSOPT-DCP" Name="musicTOP_postroute_physopt.dcp"/>
  <File Type="POSTROUTE-PHYSOPT-BLACKBOX-DCP" Name="musicTOP_postroute_physopt_bb.dcp"/>
  <File Type="ROUTE-METHODOLOGY-DRC-RPX" Name="musicTOP_methodology_drc_routed.rpx"/>
  <File Type="PDI-FILE" Name="musicTOP.pdi"/>
  <File Type="CFI_FILE" Name="musicTOP.cfi"/>
  <File Type="RNPI_FILE" Name="musicTOP.rnpi"/>
  <File Type="NPI_FILE" Name="musicTOP.npi"/>
  <File Type="RBD_FILE" Name="musicTOP.rbd"/>
  <FileSet Name="sources" Type="DesignSrcs" RelSrcDir="$PSRCDIR/sources_1" RelGenDir="$PGENDIR/sources_1">
    <Filter Type="Srcs"/>
    <File Path="$PSRCDIR/sources_1/new/MusicSheet.v">
      <FileInfo>
        <Attr Name="ImportPath" Val="$PPRDIR/../../Lab 8 Sound Generation/Lab 8 Sound Generation.srcs/sources_1/new/MusicSheet.v"/>
        <Attr Name="ImportTime" Val="1735907390"/>
        <Attr Name="UsedIn" Val="synthesis"/>
        <Attr Name="UsedIn" Val="implementation"/>
        <Attr Name="UsedIn" Val="simulation"/>
      </FileInfo>
    </File>
    <File Path="$PSRCDIR/sources_1/new/SongPlayer.v">
      <FileInfo>
        <Attr Name="ImportPath" Val="$PPRDIR/../../Lab 8 Sound Generation/Lab 8 Sound Generation.srcs/sources_1/new/SongPlayer.v"/>
        <Attr Name="ImportTime" Val="1735907390"/>
        <Attr Name="UsedIn" Val="synthesis"/>
        <Attr Name="UsedIn" Val="implementation"/>
        <Attr Name="UsedIn" Val="simulation"/>
      </FileInfo>
    </File>
    <File Path="$PSRCDIR/sources_1/new/debouncer.v">
      <FileInfo>
        <Attr Name="ImportPath" Val="$PPRDIR/../../Lab 8 Sound Generation/Lab 8 Sound Generation.srcs/sources_1/new/debouncer.v"/>
        <Attr Name="ImportTime" Val="1735907390"/>
        <Attr Name="UsedIn" Val="synthesis"/>
        <Attr Name="UsedIn" Val="implementation"/>
        <Attr Name="UsedIn" Val="simulation"/>
      </FileInfo>
    </File>
    <File Path="$PSRCDIR/sources_1/new/musicTOP.v">
      <FileInfo>
        <Attr Name="ImportPath" Val="$PPRDIR/../../Lab 8 Sound Generation/Lab 8 Sound Generation.srcs/sources_1/new/musicTOP.v"/>
        <Attr Name="ImportTime" Val="1735907390"/>
        <Attr Name="UsedIn" Val="synthesis"/>
        <Attr Name="UsedIn" Val="implementation"/>
        <Attr Name="UsedIn" Val="simulation"/>
      </FileInfo>
    </File>
    <Config>
      <Option Name="DesignMode" Val="RTL"/>
      <Option Name="TopModule" Val="musicTOP"/>
    </Config>
  </FileSet>
  <FileSet Name="constrs_in" Type="Constrs" RelSrcDir="$PSRCDIR/constrs_1">
    <Filter Type="Constrs"/>
    <File Path="$PSRCDIR/constrs_1/imports/Lab 8 Sound Generation/Nexys-A7-100T-Master.xdc">
      <FileInfo>
        <Attr Name="ImportPath" Val="$PPRDIR/../../Lab 8 Sound Generation/Nexys-A7-100T-Master.xdc"/>
        <Attr Name="ImportTime" Val="1735907382"/>
        <Attr Name="UsedIn" Val="synthesis"/>
        <Attr Name="UsedIn" Val="implementation"/>
      </FileInfo>
    </File>
    <Config>
      <Option Name="ConstrsType" Val="XDC"/>
    </Config>
  </FileSet>
  <FileSet Name="utils" Type="Utils" RelSrcDir="$PSRCDIR/utils_1">
    <Filter Type="Utils"/>
    <Config>
      <Option Name="TopAutoSet" Val="TRUE"/>
    </Config>
  </FileSet>
  <Strategy Version="1" Minor="2">
    <StratHandle Name="Vivado Implementation Defaults" Flow="Vivado Implementation 2020"/>
    <Step Id="init_design"/>
    <Step Id="opt_design"/>
    <Step Id="power_opt_design"/>
    <Step Id="place_design"/>
    <Step Id="post_place_power_opt_design"/>
    <Step Id="phys_opt_design"/>
    <Step Id="route_design"/>
    <Step Id="post_route_phys_opt_design"/>
    <Step Id="write_bitstream"/>
    <Step Id="write_device_image"/>
  </Strategy>
</GenRun>
