<?xml version="1.0" encoding="UTF-8"?>
<GenRun Id="synth_1" LaunchPart="xc7a100tcsg324-1" LaunchTime="1715094442">
  <File Type="PA-TCL" Name="musicTOP.tcl"/>
  <File Type="REPORTS-TCL" Name="musicTOP_reports.tcl"/>
  <File Type="RDS-RDS" Name="musicTOP.vds"/>
  <File Type="RDS-UTIL" Name="musicTOP_utilization_synth.rpt"/>
  <File Type="RDS-UTIL-PB" Name="musicTOP_utilization_synth.pb"/>
  <File Type="RDS-DCP" Name="musicTOP.dcp"/>
  <FileSet Name="sources" Type="DesignSrcs" RelSrcDir="$PSRCDIR/sources_1" RelGenDir="$PGENDIR/sources_1">
    <Filter Type="Srcs"/>
    <File Path="$PSRCDIR/sources_1/new/MusicSheet.v">
      <FileInfo>
        <Attr Name="ImportPath" Val="$PPRDIR/../../Lab 8 Sound Generation/Lab 8 Sound Generation.srcs/sources_1/new/MusicSheet.v"/>
        <Attr Name="ImportTime" Val="1735907390"/>
        <Attr Name="UsedIn" Val="synthesis"/>
        <Attr Name="UsedIn" Val="implementation"/>
        <Attr Name="UsedIn" Val="simulation"/>
      </FileInfo>
    </File>
    <File Path="$PSRCDIR/sources_1/new/SongPlayer.v">
      <FileInfo>
        <Attr Name="ImportPath" Val="$PPRDIR/../../Lab 8 Sound Generation/Lab 8 Sound Generation.srcs/sources_1/new/SongPlayer.v"/>
        <Attr Name="ImportTime" Val="1735907390"/>
        <Attr Name="UsedIn" Val="synthesis"/>
        <Attr Name="UsedIn" Val="implementation"/>
        <Attr Name="UsedIn" Val="simulation"/>
      </FileInfo>
    </File>
    <File Path="$PSRCDIR/sources_1/new/debouncer.v">
      <FileInfo>
        <Attr Name="ImportPath" Val="$PPRDIR/../../Lab 8 Sound Generation/Lab 8 Sound Generation.srcs/sources_1/new/debouncer.v"/>
        <Attr Name="ImportTime" Val="1735907390"/>
        <Attr Name="UsedIn" Val="synthesis"/>
        <Attr Name="UsedIn" Val="implementation"/>
        <Attr Name="UsedIn" Val="simulation"/>
      </FileInfo>
    </File>
    <File Path="$PSRCDIR/sources_1/new/musicTOP.v">
      <FileInfo>
        <Attr Name="ImportPath" Val="$PPRDIR/../../Lab 8 Sound Generation/Lab 8 Sound Generation.srcs/sources_1/new/musicTOP.v"/>
        <Attr Name="ImportTime" Val="1735907390"/>
        <Attr Name="UsedIn" Val="synthesis"/>
        <Attr Name="UsedIn" Val="implementation"/>
        <Attr Name="UsedIn" Val="simulation"/>
      </FileInfo>
    </File>
    <Config>
      <Option Name="DesignMode" Val="RTL"/>
      <Option Name="TopModule" Val="musicTOP"/>
    </Config>
  </FileSet>
  <FileSet Name="constrs_in" Type="Constrs" RelSrcDir="$PSRCDIR/constrs_1">
    <Filter Type="Constrs"/>
    <File Path="$PSRCDIR/constrs_1/imports/Lab 8 Sound Generation/Nexys-A7-100T-Master.xdc">
      <FileInfo>
        <Attr Name="ImportPath" Val="$PPRDIR/../../Lab 8 Sound Generation/Nexys-A7-100T-Master.xdc"/>
        <Attr Name="ImportTime" Val="1735907382"/>
        <Attr Name="UsedIn" Val="synthesis"/>
        <Attr Name="UsedIn" Val="implementation"/>
      </FileInfo>
    </File>
    <Config>
      <Option Name="ConstrsType" Val="XDC"/>
    </Config>
  </FileSet>
  <FileSet Name="utils" Type="Utils" RelSrcDir="$PSRCDIR/utils_1">
    <Filter Type="Utils"/>
    <Config>
      <Option Name="TopAutoSet" Val="TRUE"/>
    </Config>
  </FileSet>
  <Strategy Version="1" Minor="2">
    <StratHandle Name="Vivado Synthesis Defaults" Flow="Vivado Synthesis 2020"/>
    <Step Id="synth_design"/>
  </Strategy>
</GenRun>
